<?xml version="1.0" encoding="UTF-8"?>
<biblioteca>
  <livro>
    <titulo>O Senhor dos Anéis</titulo>
    <autor>J.R.R. Tolkien</autor>
    <ano>1954</ano>
  </livro>
  <livro>
    <titulo>Harry Potter e a Pedra Filosofal</titulo>
    <autor>J.K. Rowling</autor>
    <ano>1997</ano>
  </livro>
  <livro>
    <titulo>Código Da Vinci</titulo>
    <autor>Dan Brown</autor>
    <ano>2003</ano>
  </livro>
  <livro>
    <titulo>A Culpa é das Estrelas</titulo>
    <autor>John Green</autor>
    <ano>2012</ano>
  </livro>
  <livro>
    <titulo>1984</titulo>
    <autor>George Orwell</autor>
    <ano>1949</ano>
  </livro>
</biblioteca>